ID	Front	Back	Notes	Tags
cum-2e4a518c43	Англия	Inghilterra		paesi-e-lingue lez-7
cum-542237d7d0	Германия	Germania		paesi-e-lingue lez-7
cum-b411e36e62	Испания	Spagna		paesi-e-lingue lez-7
cum-f41b4f5362	Италия	Italia		paesi-e-lingue lez-7
cum-d780246947	Как дела? Так себе.	Come va? Così così.		espressioni-utili
cum-02ba26001b	Китай	Cina		paesi-e-lingue lez-7
cum-3efc914041	Ни пуха ни пера!	In bocca al lupo!		espressioni-utili
cum-883f64a212	Новый год	Capodanno		feste lez-11
cum-5805386a71	Пасха	Pasqua		feste lez-11
cum-070ea84f22	Приятно познакомиться.	Piacere di conoscerti.		espressioni-utili
cum-95806aea9a	Рождество	Natale		feste lez-11
cum-3d9a48af9c	Россия	Russia		paesi-e-lingue lez-7
cum-46038da0d2	С удовольствием.	Con piacere.		espressioni-utili
cum-109a274650	США	USA		paesi-e-lingue lez-7
cum-746e4dfd65	Сколько это стоит?	Quanto costa?		frasi-base
cum-0288d7723a	Спасибо большое.	Grazie mille.		frasi-base
cum-7a4a97adbc	Франция	Francia		paesi-e-lingue lez-7
cum-88cbc60a97	Я хочу пить.	Ho sete.		espressioni-utili
cum-c96bc9b727	Я хочу спать.	Ho sonno.		espressioni-utili
cum-51b4eac98a	а	invece		pronomi-e-connettori lez-6
cum-4c19ee7021	август	agosto		tempo-e-date lez-14
cum-6bc4f27db6	адвокат	avvocato		professioni lez-2
cum-27de6a513b	активный	attivo		aggettivi lez-13
cum-817dfcab1f	альбом	album		casa-e-oggetti
cum-5307137d11	апельсин	arancia		cibo-e-bevande lez-2
cum-b8417ac153	апельсины	arance		cibo-e-bevande lez-2
cum-54d1964873	апрель	aprile		tempo-e-date lez-1 lez-14
cum-147e7ba6cf	аптека	farmacia		luoghi-in-citta lez-4
cum-fa8bed3c2d	арбуз	anguria		cibo-e-bevande lez-2
cum-e0e9919b8d	артишок	carciofo		cibo-e-bevande
cum-d84e11529a	аэропорт	aeroporto		viaggi-e-trasporti lez-4
cum-84eef73650	бабушка	nonna		persone-e-famiglia lez-3
cum-0ccedf5e1a	багаж	bagaglio		viaggi-e-trasporti
cum-7c37fee7e8	баклажан	melanzana		cibo-e-bevande lez-3
cum-f13a20c327	банан	banana		cibo-e-bevande lez-3
cum-88bdf28486	банк	banca		luoghi-in-citta lez-4
cum-9898e3fe0d	барабаны	batteria		musica-e-strumenti lez-14
cum-61e6e6145f	баскетбол	basket		sport-e-giochi lez-14
cum-e776372576	бассейн	piscina		viaggi-e-trasporti lez-4
cum-d3dca3a17e	батат	patata dolce		cibo-e-bevande lez-3
cum-ddf4b2a2c5	бегать	correre		verbi lez-6
cum-cef573eda3	бедный	povero		aggettivi lez-11
cum-8380476a4e	бензин	benzina		viaggi-e-trasporti lez-4
cum-e19a910cc9	берег	riva		natura-e-luoghi lez-14
cum-8985e6c269	близко	vicino		avverbi lez-4
cum-4d3ecea604	блюдо	piatto		cibo-e-bevande lez-11
cum-00f0f752ce	богатый	ricco		aggettivi lez-11
cum-51b1afc96a	более или менее	più o meno		avverbi lez-2
cum-c8a2708216	больница	ospedale		luoghi-in-citta lez-4
cum-1729d886b4	большое спасибо	grazie mille		saluti-e-cortesia lez-1
cum-f99234001a	большой	grande		aggettivi lez-11
cum-4fcce0e49f	брат	fratello		persone-e-famiglia lez-3
cum-fa2d560253	брюки	pantaloni		abbigliamento lez-3
cum-30997b32a6	будущее	futuro		tempo-e-date lez-12
cum-225f950d64	буква	lettera		scuola-e-lingua lez-2
cum-8ecc2afd6a	бумага	carta		scuola-e-lingua lez-10
cum-788e5651ad	бутерброд	panino		cibo-e-bevande lez-7
cum-d4a5c7e862	бутылка	bottiglia		stoviglie-e-posate lez-1
cum-b7595f4a84	быстро	velocemente		avverbi lez-7
cum-eedb8a9a9f	быстрый	veloce		aggettivi lez-11
cum-763b46732f	быть	essere		verbi
cum-b85a867f02	вам нравится	vi piace		gusti-e-preferenze lez-9
cum-bf2f2ef637	варенье	marmellata		cibo-e-bevande lez-14
cum-db96e918fc	вас	voi		pronomi-e-connettori lez-2
cum-40aeb5964b	велосипед	bicicletta		viaggi-e-trasporti lez-1
cum-1b2574531b	весна	primavera		tempo-e-date lez-14
cum-29f39654dd	весь	tutto		aggettivi lez-7
cum-11c64a2940	ветер	vento		meteo-e-stagioni lez-14
cum-98b5bdb5ed	ветрено	ventoso		avverbi lez-14
cum-6785f4be85	ветреный	ventoso		meteo-e-stagioni
cum-8f2cc90d81	вечер	sera		tempo-e-date lez-8
cum-d9c82b4cb5	вещи	oggetti		casa-e-oggetti lez-13
cum-e380f5cc1b	вещь	cosa		scuola-e-lingua
cum-f9b1872f93	вилка	forchetta		stoviglie-e-posate lez-4
cum-ac88dfbc31	вино	vino		cibo-e-bevande lez-7
cum-b4c7a7c766	виноград	uva		cibo-e-bevande lez-3
cum-c7807ae7df	висеть	essere appeso		verbi lez-13
cum-417430471e	вишня	ciliegia		cibo-e-bevande lez-3
cum-9ca0da4d1b	вкусный	gustoso		aggettivi lez-11
cum-7ffa89c721	вместе	insieme		avverbi lez-6
cum-152539d0d2	вместо	invece		domande-e-connettori
cum-f2fbdda43e	внимательно	attentamente		avverbi lez-12
cum-ad7d384a72	внук	nipote		persone-e-famiglia lez-3
cum-abec40b8f5	внучка	nipote		persone-e-famiglia lez-3
cum-b80f7560a0	во сколько	a che ora		pronomi-e-connettori lez-8
cum-5f376105a4	вода	acqua		cibo-e-bevande lez-1 lez-7
cum-e123aa1e1b	возможный	possibile		aggettivi
cum-a1e007f6a2	вокзал	stazione		luoghi-in-citta lez-4
cum-89182cabe3	волк	lupo		animali lez-14
cum-4449948ad3	волосы	capelli		corpo lez-11
cum-de3acba26d	вопрос	domanda		casa-e-oggetti lez-5
cum-38771938df	вопросы	domande		scuola-e-lingua
cum-12d563f9c3	ворон	corvo		animali lez-10
cum-1726fc7e27	воскресенье	domenica		tempo-e-date lez-10
cum-7dc9b62519	восток	est		direzioni-e-geografia lez-14
cum-f9ad913076	вот	ecco		pronomi-e-connettori lez-1
cum-c12816ac81	врач	dottore		professioni lez-2
cum-db87d0638f	времена года	stagioni		tempo-e-date lez-14
cum-b43a77c918	время	tempo		tempo-e-date lez-3 lez-8
cum-ef8ff20785	все	tutti		aggettivi lez-7
cum-8adaa82230	всегда	sempre		orari-e-frequenza lez-8
cum-7ecc16c152	встречать(ся)	incontrare		verbi
cum-e9467c08df	вся	tutta		aggettivi lez-7
cum-a990af355e	всё	tutto		aggettivi lez-7
cum-742de86686	всё / все	tutto		domande-e-connettori
cum-e8418bb080	всё в порядке	tutto ok		saluti-e-cortesia lez-2
cum-9c9e579c18	вторник	martedì		tempo-e-date lez-10
cum-762d7d64da	вчера	ieri		tempo-e-date lez-8 lez-12
cum-cc86ef708c	вы	voi		pronomi-e-connettori lez-2
cum-e079b08d92	выставка	mostra		arte-e-cultura lez-14
cum-6967d4cb53	выходной	giorno libero		tempo-e-date lez-12
cum-db90aaa6f2	выходные	weekend		tempo-e-date lez-12
cum-480a7e2055	газета	giornale		scuola-e-lingua lez-1
cum-5058cd2cbf	галстук	cravatta		abbigliamento lez-6 lez-11
cum-c9a8de2f49	где	dove		pronomi-e-connettori lez-3
cum-045f892f5d	где?	dove?		domande-e-connettori
cum-3ac1b14c8d	гитара	chitarra		musica-e-strumenti lez-14
cum-b997b69f6e	глагол	verbo		grammatica lez-12
cum-7a6b02ff4c	глаз	occhio		corpo lez-10
cum-8284ef6a75	глаза	occhi		corpo lez-10
cum-267dc68de9	глубокий	profondo		aggettivi
cum-ae07dcaf42	говорить	parlare		verbi lez-6
cum-605cea2eac	год	anno		tempo-e-date lez-8
cum-baaeecb7e8	год назад	un anno fa		tempo-e-date lez-12
cum-f67741b522	голова	testa		corpo lez-10
cum-1afb132baa	голодный	affamato		aggettivi
cum-b5ca894035	город	città		natura-e-luoghi lez-1
cum-c04805044a	горох	piselli		cibo-e-bevande lez-3
cum-b3309a1d25	горы	montagne		natura-e-luoghi lez-14
cum-6600fbf91f	горячий	bollente		aggettivi lez-11
cum-2453344da6	гости	ospiti		feste lez-14
cum-1c1af87fc4	гостиница	albergo		luoghi-in-citta lez-4
cum-d9e1e3d339	гость	ospite		persone-e-famiglia
cum-6aa18dd9e4	готов	pronto		aggettivi lez-1
cum-97a63716e6	готовить	cucinare		verbi lez-10
cum-e5a9ce91b7	гранат	melograno		cibo-e-bevande lez-9
cum-c9c1e2bce7	грейпфрут	pompelmo		cibo-e-bevande lez-9
cum-b168dcd825	гриб	fungo		cibo-e-bevande
cum-6c9eec0305	гроза	temporale		meteo-e-stagioni lez-14
cum-137ad30165	громкий	forte		aggettivi lez-11
cum-dbe8d02739	громко	a voce alta		avverbi lez-7
cum-78742c4f77	груша	pera		cibo-e-bevande lez-3
cum-0e49181c6c	гулять	passeggiare		verbi lez-6
cum-d4f57dba81	да	sì		pronomi-e-connettori lez-1
cum-af6eb837ba	давай	forza		saluti-e-cortesia lez-1
cum-7360655117	давать	dare		verbi
cum-190a9a96a8	давно	da tanto tempo		orari-e-frequenza lez-8 lez-12
cum-89598e6ac2	дай	dammi		saluti-e-cortesia lez-3
cum-5081e62972	далеко	lontano		avverbi lez-4
cum-6ec542941d	далёкий	lontano		aggettivi
cum-c1029c9530	дверь	porta		casa-e-oggetti lez-1
cum-283bda43f4	двоюродная сестра	cugina		persone-e-famiglia lez-3
cum-21b0b2c4b1	двоюродный брат	cugino		persone-e-famiglia lez-3
cum-127297ea43	двоюродный брат / сестра	cugino		persone-e-famiglia
cum-8ac5979b70	девушка	ragazza / fidanzata		persone-e-famiglia lez-2 lez-3
cum-08b2ad45dc	девушка / подруга	fidanzata		persone-e-famiglia
cum-cbbb0cce1f	дедушка	nonno		persone-e-famiglia lez-3
cum-53b4af9288	декабрь	dicembre		tempo-e-date lez-14
cum-5fb3d3a690	делать	fare		verbi lez-6
cum-e2d65893aa	день	pomeriggio		tempo-e-date lez-8
cum-c0d80d1dd3	день рождения	compleanno		feste lez-11
cum-5133eb79b0	деньги	soldi		casa-e-oggetti lez-3
cum-5b0e40a48f	дерево	albero		natura-e-luoghi lez-3 lez-11 lez-14
cum-9f1fea2365	дети	bambini / figli		persone-e-famiglia lez-2 lez-3
cum-da9db7c730	дешёвый	economico		aggettivi lez-11
cum-9ba722de0a	джем / варенье	marmellata		cibo-e-bevande
cum-1f374d1c68	диван	divano		casa-e-oggetti
cum-74d778cddc	длинный	lungo		aggettivi lez-11
cum-fc3f8ff7e9	до встречи	ci vediamo		saluti-e-cortesia lez-2
cum-cafe001823	до свидания	arrivederci		saluti-e-cortesia lez-2
cum-b1d3ed8062	доброе утро	buongiorno		saluti-e-cortesia lez-2
cum-1a5c819f1b	добрый вечер	buonasera		saluti-e-cortesia lez-2
cum-39b2c2862b	добрый день	buongiorno		saluti-e-cortesia lez-2
cum-b6cae208db	дождливо	piovoso		avverbi lez-14
cum-39ce0b3fbb	дождливый	piovoso		meteo-e-stagioni
cum-b5127a6a2d	дождь	pioggia		meteo-e-stagioni lez-13 lez-14
cum-315ab9934e	долго	a lungo		avverbi lez-7
cum-faa87539a1	долгое время	da tanto tempo		tempo-e-date
cum-8e35c31399	дом	casa		casa-e-oggetti lez-1
cum-7c50c039f7	домашнее задание	compiti a casa		scuola-e-lingua lez-8
cum-a18928ce3d	домохозяйка	casalinga		professioni lez-2
cum-5edb5faec9	дорогой	costoso		aggettivi lez-11
cum-0b3dfe225a	доска	lavagna		scuola-e-lingua lez-1
cum-2d0d44f22e	дочь	figlia		persone-e-famiglia lez-3
cum-6d15d36f74	друг	amico		persone-e-famiglia lez-3
cum-99a8e56759	другой	altro		aggettivi lez-11
cum-6fcaa5b24d	думать	pensare		verbi lez-6
cum-57b6d001dd	дыня	melone		cibo-e-bevande lez-3
cum-4373affd9c	дядя	zio		persone-e-famiglia lez-3
cum-99e6ba42ca	его	lui		pronomi-e-connettori lez-2
cum-1696ea33ca	еда	cibo		cibo-e-bevande lez-3
cum-d926bd4840	ей нравится	le piace		gusti-e-preferenze lez-9
cum-0fa3f7ddd3	ель	abete		natura-e-luoghi lez-2
cum-44db55d17a	ему нравится	gli piace		gusti-e-preferenze lez-9
cum-bcd444d9ed	если	se		pronomi-e-connettori lez-8
cum-3d51050347	есть	c'è / mangiare / mangiare		verbi lez-4 lez-10
cum-09a161f076	есть сладости	mangiare dolci		cibo-e-bevande
cum-74edeacb87	ещё	ancora		avverbi lez-6 lez-7
cum-69ebf34fa5	ещё раз	di nuovo		orari-e-frequenza lez-8
cum-2146115ccd	её	lei		pronomi-e-connettori lez-2
cum-4590a28be0	жаба	rospo		animali
cum-bdde4f45c5	жарко	caldo		avverbi lez-14
cum-fe03640933	жена	moglie		persone-e-famiglia lez-1 lez-3
cum-56da5ef373	женат / замужем	sposato		aggettivi
cum-b7890dc33e	женщина	donna		persone-e-famiglia lez-1 lez-2
cum-907e1a0581	животное	animale		animali lez-3 lez-12
cum-0085afb774	животные	animali		animali lez-12
cum-1dc0e80a5a	жизнь	vita		scuola-e-lingua
cum-d678bc314d	жить	vivere		verbi lez-13
cum-90d6817dbe	журнал	rivista		scuola-e-lingua lez-1
cum-f1db7944b0	завод	fabbrica		luoghi-in-citta lez-14
cum-6103388cfc	завтра	domani		tempo-e-date lez-2 lez-8 lez-12
cum-660e64c53d	завтрак	colazione		cibo-e-bevande lez-6 lez-10
cum-f5cd7c5a16	завтракать	fare colazione		verbi lez-6
cum-a096ac89c2	загорать	prendere il sole		verbi lez-14
cum-9016526832	заканчивать	finire		verbi lez-9
cum-7970f512e0	закрываться	chiudersi		verbi lez-14
cum-63afe23a51	заметка	nota		casa-e-oggetti scuola-e-lingua
cum-6e05603ddd	заниматься спортом	fare sport		verbi
cum-837d0dbab1	запад	ovest		direzioni-e-geografia lez-14
cum-d3cdb260fc	записка	nota		scuola-e-lingua lez-10
cum-f855ada4de	заправка	benzinaio		luoghi-in-citta lez-4
cum-53096f7024	звезда	stella		natura-e-luoghi lez-10
cum-1c3c908fe3	здесь	qui		avverbi lez-4
cum-93d085e99c	здравствуйте	salve		saluti-e-cortesia lez-2
cum-8361c0dfdb	зима	inverno		tempo-e-date lez-14
cum-69d4f1a300	знать	sapere		verbi lez-6
cum-44fbe9f78b	зонт	ombrello		abbigliamento lez-1
cum-308a642414	зоопарк	zoo		luoghi-in-citta lez-4
cum-1ff05b77d9	зуб	dente		corpo
cum-a59e2c2429	и	e		pronomi-e-connettori lez-6
cum-823a670b2e	игра	gioco		sport-e-giochi lez-9
cum-1fe3b27f12	играть	giocare		verbi lez-6
cum-97a28fc05c	игрушки	giocattoli		casa-e-oggetti lez-4
cum-a50c7ea714	идеальный	perfetto		aggettivi
cum-e486121053	идея	idea		scuola-e-lingua
cum-1b78296810	идти	andare		verbi lez-13
cum-57bbf6760e	извини	scusa		saluti-e-cortesia lez-1
cum-06ec30617c	извините	scusate		saluti-e-cortesia lez-1
cum-f8475c1e9c	изучать	studiare		verbi lez-6 lez-12
cum-e39a6a5260	икра	caviale		cibo-e-bevande lez-1 lez-3
cum-30bb0333ca	или	oppure		pronomi-e-connettori lez-1
cum-7c77f121ff	им нравится	a loro piace		gusti-e-preferenze lez-9
cum-3c0453ec36	имя	nome		persone-e-famiglia lez-3
cum-03b640cf05	инженер	ingegnere		professioni lez-2
cum-52a96926c7	иногда	ogni tanto		orari-e-frequenza lez-8
cum-a375df34f8	иностранец	straniero		scuola-e-lingua lez-8
cum-21a3098366	интересно	interessante		aggettivi lez-7
cum-43d3ee6317	интересный	interessante		aggettivi lez-11
cum-7bf6e26835	исключения	eccezioni		grammatica lez-14
cum-96b5cf70fd	их	loro		pronomi-e-connettori lez-2
cum-e8d84a1cc3	июль	luglio		tempo-e-date lez-14
cum-57782a330e	июнь	giugno		tempo-e-date lez-14
cum-9dfb6bd3c2	к сожалению	purtroppo		avverbi lez-5
cum-44ddaa081c	к счастью	fortunatamente		avverbi
cum-c420fabded	к чёрту	al diavolo		saluti-e-cortesia lez-8
cum-e3704a51a6	кабачки	zucchine		cibo-e-bevande lez-5
cum-ccfa996d20	кабачок	zucchina		cibo-e-bevande
cum-57804c7bf1	кабинет	studio		scuola-e-lingua lez-7
cum-b3c20263d8	каждый	ogni		aggettivi lez-4
cum-c2370256bf	как всегда	come sempre		avverbi lez-7
cum-c1cddea745	как обычно	come al solito		avverbi
cum-5fd07afb28	как по-русски?	come si dice in russo?		saluti-e-cortesia lez-7
cum-28efe0012f	как тебя зовут?	come ti chiami?		saluti-e-cortesia lez-2
cum-d07b39570d	как часто	quanto spesso		orari-e-frequenza lez-8
cum-3aece35c49	как часто?	con che frequenza?		domande-e-connettori
cum-83bc0b45b4	какая сегодня погода?	che tempo fa oggi?		meteo-e-stagioni
cum-6a0ff0a292	каникулы	vacanze		sport-e-giochi lez-14
cum-91bb239422	каникулы / отпуск	vacanza		viaggi-e-trasporti
cum-7e170532a5	капуста	cavolo		cibo-e-bevande lez-3
cum-fa7067d2be	карандаш	matita		scuola-e-lingua lez-1
cum-4538cca8f8	карман	tasca		casa-e-oggetti
cum-4164bc53b9	карта	mappa		casa-e-oggetti lez-1
cum-4e4cc5c967	картина	quadro		casa-e-oggetti lez-1
cum-1d857a168e	картофель	patata		cibo-e-bevande lez-3
cum-c34783b75f	карты	carte		sport-e-giochi lez-14
cum-2b0c02d8f9	кататься на коньках	pattinare		sport-e-giochi lez-14
cum-cc457f42f0	кататься на лыжах	sciiare		verbi
cum-896b9df1e4	каштаны	castagne		cibo-e-bevande lez-14
cum-19096e6a36	квартира	appartamento		casa-e-oggetti lez-5
cum-b97e15a9df	кенгуру	canguro		animali lez-13
cum-d5d02d09c2	киви	kiwi		cibo-e-bevande lez-3
cum-285fcfcc46	класс	aula		scuola-e-lingua lez-1
cum-1fa41272b1	клубника	fragola		cibo-e-bevande lez-3
cum-b36af61a5d	ключ	chiave		casa-e-oggetti lez-1
cum-2b8417e9a3	книга	libro		scuola-e-lingua lez-1
cum-5a9a87f55a	ковёр	tappeto		casa-e-oggetti lez-14
cum-d2ec71efab	когда	quando		pronomi-e-connettori lez-8
cum-cf38f9d719	когда?	quando?		domande-e-connettori
cum-d15ee55a86	колбаса	salame		cibo-e-bevande lez-10
cum-91447b7e15	колготки	calze		abbigliamento lez-3
cum-8aa90774ee	коллекционер	collezionista		professioni lez-13
cum-ec67f96980	команда	squadra		persone-e-famiglia lez-11
cum-cd6eb7d084	командировка	trasferta		viaggi-e-trasporti lez-14
cum-34cf877e52	комната	stanza		casa-e-oggetti lez-13
cum-0265e48e06	компьютер	computer		casa-e-oggetti lez-14
cum-5125443ca9	конечно	certo		avverbi lez-4
cum-b0a51e6640	кончать	finire		verbi lez-9
cum-42b795db79	корова	mucca		animali lez-12
cum-3190a4843e	короткий	corto		aggettivi lez-11
cum-d9c4844f5a	корт	campo		natura-e-luoghi lez-4
cum-4102d9934c	костюм	abito		abbigliamento lez-11
cum-9e7f48584c	кот	gatto		animali lez-1
cum-23f8123d3e	который час	che ora è		pronomi-e-connettori lez-8
cum-a83103468f	который час?	che ora è?		domande-e-connettori
cum-a847d5f94f	кофе	caffè		cibo-e-bevande lez-3
cum-9c8c4ea2dd	кошка	gatto		animali lez-12
cum-78026ba0f4	красиво	bello		aggettivi lez-7
cum-bcf157c270	красивый	bello		aggettivi lez-11
cum-e6ca30c72e	кровать	letto		casa-e-oggetti lez-13
cum-e9e8dfd1c4	крокодил	coccodrillo		animali
cum-e92cee7e91	крокодилы	coccodrilli		animali lez-13
cum-f2cbc7235d	кто ты по профессии?	che lavoro fai?		saluti-e-cortesia lez-2
cum-77692a12ff	кто это?	chi è questo?		pronomi-e-connettori lez-1
cum-e392787d46	кукуруза	mais		cibo-e-bevande lez-3
cum-a34781c7d9	курить	fumare		verbi lez-6
cum-166f3484bb	курица	pollo / gallina		animali cibo-e-bevande lez-3 lez-12
cum-cdda8f8e9d	куртка	giubbino		abbigliamento lez-11
cum-ee80dfd7ab	лампа	lampada		casa-e-oggetti lez-1
cum-f4f2c40d9e	лапша	noodles		cibo-e-bevande lez-9
cum-c17256b967	лежать	essere sdraiato		verbi lez-13
cum-1357eec09e	лежать на диване	Sdraiarsi sul divano		espressioni-utili
cum-f82b5ea4e7	лес	foresta		natura-e-luoghi lez-10 lez-14
cum-5d4f4eb7e5	лето	estate		tempo-e-date lez-14
cum-de3a994b67	ливень	acquazzone		meteo-e-stagioni lez-14
cum-da814b82b8	лимон	limone		cibo-e-bevande lez-3
cum-02fa8148c6	литера	lettera		scuola-e-lingua lez-2
cum-f510ca3c95	лодка	barca		natura-e-luoghi lez-14
cum-037c14d7e4	ложка	cucchiaio		stoviglie-e-posate lez-4
cum-5a29514b09	ложь / неверно	falso		domande-e-connettori
cum-ae6d33d262	лошадь	cavallo		animali lez-11 lez-12
cum-f2dac64918	лук	cipolla		cibo-e-bevande lez-2
cum-6996afc950	лыжи	sci		abbigliamento lez-3
cum-ae25dda7cf	любимый	preferito		gusti-e-preferenze lez-11
cum-f1a255bea6	любить	amare		verbi lez-10
cum-8670f891d3	люди	persone		persone-e-famiglia lez-2
cum-06acd64020	лягушка	rana		animali lez-12
cum-77c7231514	лёгкий	facile		aggettivi lez-11
cum-dea5c61b97	магазин	negozio		luoghi-in-citta lez-4
cum-a52fcec396	май	maggio		tempo-e-date lez-14
cum-0b652f9618	макароны	pasta		cibo-e-bevande lez-9
cum-dfe9a7e83c	маленький	piccolo		aggettivi lez-11
cum-1e6b349f02	малина	lampone		cibo-e-bevande lez-3
cum-df4cf9d223	мало	poco		avverbi lez-7
cum-2d78e78f55	мальчик	bambino		persone-e-famiglia lez-2
cum-2241a273ca	мама	mamma		persone-e-famiglia lez-3
cum-167bb52c69	манго	mango		cibo-e-bevande lez-3
cum-f5291303dd	март	marzo		tempo-e-date lez-14
cum-eabfe5f6e0	масло	burro		cibo-e-bevande lez-14
cum-99ef9a0b72	мать	madre		persone-e-famiglia lez-3
cum-4c843c3478	машина	macchina		viaggi-e-trasporti lez-1
cum-c668baba34	медаль	medaglia		casa-e-oggetti
cum-8e74987aee	медленно	lentamente		avverbi lez-7
cum-27ad138208	медленный	lento		aggettivi lez-11
cum-481bc7db90	менеджер	manager		professioni lez-2
cum-f6257020e1	меня	me		pronomi-e-connettori lez-2
cum-7e61f2631d	месяц	mese		tempo-e-date lez-8
cum-87f3f814ae	месяц назад	un mese fa		tempo-e-date lez-12
cum-6a3981ea4f	мечтать	sognare		verbi lez-14
cum-5fbfd101c3	мне нравится	mi piace		gusti-e-preferenze lez-9
cum-eecd37463d	много	molto		avverbi lez-7
cum-046b134cbb	может быть	forse		pronomi-e-connettori lez-7 lez-10 lez-12
cum-fa127f8411	молодец	bravo		saluti-e-cortesia lez-1
cum-c1acb4c72d	молодой	giovane		aggettivi lez-11
cum-b6ef3c317e	молчать	tacere		verbi lez-12
cum-f129dff8bc	море	mare		natura-e-luoghi lez-3
cum-537588292b	морковь	carota		cibo-e-bevande lez-3
cum-8e4884a48d	мороженое	gelato		cibo-e-bevande lez-5
cum-ae6b59aaee	мост	ponte		natura-e-luoghi lez-10
cum-cb9ffa4cb8	мочь	potere		verbi
cum-7405336818	муж	marito		persone-e-famiglia lez-3
cum-fb008ff7bf	мужчина	uomo		persone-e-famiglia lez-2
cum-62d1d76161	мусорное ведро	bidone della spazzatura		casa-e-oggetti lez-10
cum-fa0374f924	мы	noi		pronomi-e-connettori lez-2
cum-4d3a65d1c2	мясо	carne		cibo-e-bevande lez-2 lez-3
cum-d6cc63be1b	мяч	palla		casa-e-oggetti lez-1
cum-c526fedcb4	нам нравится	ci piace		gusti-e-preferenze lez-9
cum-65dc1d96e3	напитки	bevande		cibo-e-bevande lez-7
cum-e371791144	напиток	bevanda		cibo-e-bevande lez-7
cum-c37fde166e	наречия	avverbi		scuola-e-lingua lez-7
cum-e8e02e5d32	нас	noi		pronomi-e-connettori lez-2
cum-f502cb9307	наушники	cuffie		casa-e-oggetti lez-3
cum-6d0b0b0fda	начинать	iniziare		verbi lez-9
cum-cbb3294346	не женат / не замужем	single		aggettivi
cum-c9b5668b23	не за что	di nulla		saluti-e-cortesia lez-4
cum-8b91d3e12c	небо	cielo		natura-e-luoghi lez-10
cum-211493da17	недавно	da poco tempo		orari-e-frequenza lez-8 lez-12
cum-663631edda	недавно / недолго	da poco tempo		tempo-e-date
cum-d14f3215a5	недалеко	vicino		avverbi lez-4
cum-b16f2229d3	неделя	settimana		tempo-e-date lez-10
cum-e60898040e	немного	un po'		avverbi lez-7
cum-417fb33991	неплохо	non c'è male		avverbi lez-2
cum-999a588d62	неправда	falso		pronomi-e-connettori lez-9
cum-ced07fd144	нет	no		pronomi-e-connettori lez-1
cum-ed95706c7b	ни пуха ни пера	in bocca al lupo		saluti-e-cortesia lez-8
cum-8ceadba8d8	никогда	mai		avverbi lez-6 lez-8
cum-93534da6cf	ничего	niente		pronomi-e-connettori lez-2
cum-7285b1408f	но	ma		pronomi-e-connettori lez-5
cum-d562cb0f03	новости	notizie		scuola-e-lingua lez-6
cum-3697bef0b3	новый	nuovo		aggettivi lez-11
cum-3a7c8b16d5	нога	gamba		corpo lez-10
cum-8ad2c96372	ноги	gambe		corpo lez-10
cum-6d20947d4e	нож	coltello		stoviglie-e-posate lez-4
cum-facd252e50	ножницы	forbici		casa-e-oggetti lez-3
cum-a444ce85a8	нормально	normale		avverbi lez-2
cum-5e8653d962	носки	calze		abbigliamento lez-6
cum-f9e1743dad	ночь	notte		tempo-e-date lez-8
cum-9ac5e80fa8	ноябрь	novembre		tempo-e-date lez-14
cum-ddafa31d9d	нуждаться	avere bisogno		verbi lez-13
cum-829dafe196	нуждаться в	avere bisogno di		verbi
cum-2c8c0afd4c	нут	ceci		cibo-e-bevande lez-3
cum-71d3d5d7b5	обед	pranzo		cibo-e-bevande lez-6 lez-10
cum-1d874309fb	обедать	pranzare		verbi lez-6
cum-1850e1fcc3	облако	nuvola		natura-e-luoghi lez-14
cum-86422a9ddd	облачно	nuvoloso		avverbi lez-14
cum-2c238efa4e	облачный	nuvoloso		meteo-e-stagioni
cum-e3f5d3fe0e	общежитие	dormitorio		casa-e-oggetti lez-13
cum-dca9f3a1ec	обычно	di solito		orari-e-frequenza lez-8
cum-22b8956b09	овощи	verdura		cibo-e-bevande lez-5
cum-f873bc8fef	овца	pecora		animali lez-12
cum-5e3ffa5a73	одежда	abbigliamento		abbigliamento lez-11
cum-1bda6d3c0d	озеро	lago		natura-e-luoghi lez-10
cum-aacd9f0ea5	океан	oceano		natura-e-luoghi lez-4
cum-f663f7daa0	окно	finestra		casa-e-oggetti lez-1
cum-8257f60c2c	октябрь	ottobre		tempo-e-date lez-14
cum-5f92b20ced	он	lui		pronomi-e-connettori lez-2
cum-9e75fdb9bb	она	lei		pronomi-e-connettori lez-2
cum-46f000cbc1	они	loro		pronomi-e-connettori lez-2
cum-d69a4fa76c	оно	esso		pronomi-e-connettori lez-2
cum-993456318c	осень	autunno		tempo-e-date lez-14
cum-b159695cc0	остановка	fermata		viaggi-e-trasporti lez-4
cum-fedb2cda93	остров	isola		natura-e-luoghi lez-4
cum-668db78f3f	осёл	asino		animali lez-12
cum-796f48a47d	ответ	risposta		casa-e-oggetti lez-5
cum-d9a576de14	отвечать	rispondere		verbi lez-6
cum-7c071fd38a	отвечать за	essere responsabile di		verbi lez-7
cum-86df081f5d	отвечать на	rispondere a		verbi lez-7
cum-a42c81c348	отдыхать	riposarsi		verbi lez-6
cum-5b574f7c20	отель	hotel		luoghi-in-citta lez-4
cum-e28872705e	отец	padre		persone-e-famiglia lez-3
cum-caca9bfd20	открытка	cartolina		casa-e-oggetti lez-10
cum-373298a52a	откуда ты?	di dove sei?		saluti-e-cortesia lez-2
cum-68a77ea3cf	отлично	perfetto		avverbi lez-7
cum-5caac267f3	отмечать	celebrare		verbi lez-14
cum-3888406737	отпуск	ferie		viaggi-e-trasporti
cum-616ca0a06c	отчество	patronimico		persone-e-famiglia lez-3
cum-805d9584e8	официант	cameriere		professioni lez-2 lez-11
cum-68fe9be597	очень	molto		avverbi lez-7
cum-999a357945	очень приятно	molto piacere		saluti-e-cortesia lez-2
cum-782528043b	очки	occhiali		casa-e-oggetti lez-3
cum-7e48093c0d	пальто	cappotto		abbigliamento lez-1 lez-11
cum-01cf7d7642	памятник	monumento		luoghi-in-citta lez-4
cum-918d73538e	папа	papà		persone-e-famiglia lez-3
cum-425e73cbbd	парень	ragazzo / fidanzato		persone-e-famiglia lez-2 lez-3
cum-6b78fc590d	парень / бойфренд	fidanzato		persone-e-famiglia
cum-5b5ded8924	парковка	parcheggio		luoghi-in-citta lez-4
cum-aef8b447ac	пасмурно	buio		avverbi lez-14
cum-446c922991	пенсионер	pensionato		professioni lez-2
cum-173b781fbd	переводчик	traduttore		professioni lez-13
cum-6ba609748d	песня	canzone		scuola-e-lingua lez-3
cum-fda8a047dd	петух	gallo		animali lez-12
cum-b749edaa68	петь	cantare		verbi
cum-3f8dca851c	печенье	biscotti		cibo-e-bevande lez-14
cum-69005e89f9	печь	cuocere		verbi lez-14
cum-2b826e32b3	пианино	pianoforte		musica-e-strumenti lez-14
cum-bd50768729	пиво	birra		cibo-e-bevande lez-7
cum-7c4301007f	пингвин	pinguino		animali
cum-4344c6afbe	пингвины	pinguini		animali lez-13
cum-e85a8d8c02	писатель	scrittore		professioni lez-11
cum-6eeb800957	писать	scrivere		verbi lez-10
cum-1c176be838	письмо	lettera		scuola-e-lingua lez-1 lez-10 lez-12
cum-ff14df15b4	пить	bere		verbi lez-10
cum-f22ebd8aa0	плавание	nuoto		sport-e-giochi lez-9
cum-4429182afb	плавать	nuotare		verbi lez-6
cum-67bf4043d7	планшет	tablet		casa-e-oggetti lez-5
cum-6c99769888	платье	vestito		abbigliamento lez-6 lez-11
cum-ef233c34bd	племянник	nipote		persone-e-famiglia lez-3
cum-b35d9083c0	племянник / внук	nipote		persone-e-famiglia
cum-b1b446483b	племянница	nipote		persone-e-famiglia lez-3
cum-fc1ff6bf81	плохо	male		avverbi lez-2 lez-7
cum-3242984b56	плохой	cattivo		aggettivi lez-11
cum-7d9d0386c1	площадь	piazza		luoghi-in-citta lez-11
cum-7a68ce5197	пляж	spiaggia		natura-e-luoghi lez-4 lez-14
cum-a49a695598	повторять	ripetere		verbi lez-6
cum-82b2008359	погода	tempo		meteo-e-stagioni lez-14
cum-30d6e7a912	подруга	amica		persone-e-famiglia lez-3
cum-cb465b18c1	поезд	treno		viaggi-e-trasporti lez-3
cum-441aca7660	пожалуйста	per favore		saluti-e-cortesia lez-1
cum-ad38e0f195	позавчера	l'altro ieri		tempo-e-date lez-12
cum-d6dfffbd2b	поздно	tardi		orari-e-frequenza lez-8
cum-a65bfb974f	позже	dopo		orari-e-frequenza lez-12
cum-1b7860480f	познакомиться	conoscersi		saluti-e-cortesia lez-3
cum-33ab91f026	познакомься	ti presento		saluti-e-cortesia lez-3
cum-64cf8aadfe	пойдём	andiamo		saluti-e-cortesia lez-6
cum-d3de80cee7	пока	ciao		saluti-e-cortesia lez-2
cum-3b4453147b	покажи	fammi vedere		saluti-e-cortesia lez-3
cum-7ce3762780	покупать	comprare		verbi lez-6 lez-14
cum-925756e6a7	пол	pavimento		casa-e-oggetti lez-13 lez-14
cum-1f75b02cc4	полдень	mezzogiorno		tempo-e-date lez-8
cum-c42d721904	полиция	polizia		luoghi-in-citta lez-4
cum-085e5939ef	полка	scaffale		casa-e-oggetti lez-13
cum-10bf0bf257	полночь	mezzanotte		tempo-e-date lez-8
cum-e42b6e1873	пользоваться интернетом	navigare in internet		verbi
cum-312554b771	помидор	pomodoro		cibo-e-bevande
cum-dc85784c87	помидоры	pomodori		cibo-e-bevande
cum-e5a2d87c0e	помнить	ricordarsi / ricordare		verbi lez-6 lez-10
cum-1cc827f3c7	помогать	aiutare		verbi
cum-050adc9123	помощь	aiuto		scuola-e-lingua
cum-504f94ae19	понедельник	lunedì		tempo-e-date lez-10
cum-83514ff330	понимать	capire		verbi lez-6 lez-10
cum-1ef575ded2	понятно	chiaro		aggettivi lez-7
cum-71f34af6e5	порт	porto		luoghi-in-citta lez-14
cum-b91cc5809a	послезавтра	dopodomani		tempo-e-date lez-12
cum-8f0cc4b28e	потом	dopo		orari-e-frequenza lez-7 lez-9
cum-af94692f10	потому что	perché		pronomi-e-connettori lez-7
cum-80a8d757fb	почему	perché?		pronomi-e-connettori lez-7
cum-2f8f546f22	почему?	perché?		domande-e-connettori
cum-4911fdeb34	почта	posta		luoghi-in-citta lez-4
cum-d4bd00b765	почти	quasi		avverbi lez-4
cum-af7e11c563	поэтому	quindi		pronomi-e-connettori lez-12
cum-ce605dbb3c	правда	vero		pronomi-e-connettori lez-9
cum-a68ca3314e	правильно	correttamente		aggettivi lez-7
cum-bb0256449c	предмет	oggetto		casa-e-oggetti
cum-609881a14c	прекрасно	perfetto / meravigliosamente		avverbi lez-2 lez-7
cum-584dfe1985	преподаватель	insegnante		scuola-e-lingua lez-1
cum-e24505f94d	привет	ciao		saluti-e-cortesia lez-2
cum-8161b85a3a	пример	esempio		scuola-e-lingua lez-10
cum-3031e09dc8	проблема	problema		casa-e-oggetti lez-5
cum-5151ab683b	прогресс	progresso		scuola-e-lingua lez-8
cum-11dc7fbc13	прогуливаться	fare una passeggiata		verbi
cum-4ada6871cd	продавец	commesso		professioni lez-2
cum-42dc2d9480	прохладно	freschino		avverbi lez-14
cum-2dd6f0843d	птица	uccello		animali lez-12
cum-31fd6d9064	путешествие	viaggio		viaggi-e-trasporti
cum-e5558884be	путешествовать	viaggiare		verbi
cum-42fe0b9cd3	пятница	venerdì		tempo-e-date lez-10
cum-5802d42dd3	пёс	cane		animali lez-2
cum-1bbeed785c	работа	lavoro		scuola-e-lingua lez-4
cum-60ceec8ba6	работать	lavorare		verbi lez-6
cum-37a12a7583	рада познакомиться	piacere di conoscerti		saluti-e-cortesia lez-2
cum-b307cb9238	радуга	arcobaleno		meteo-e-stagioni lez-14
cum-649d423712	ракушки	conchiglie		casa-e-oggetti lez-9
cum-6f3aa2353c	рано	presto		orari-e-frequenza lez-8
cum-1b1c0a464e	раньше	prima		orari-e-frequenza lez-12
cum-6300f80861	распродажа	saldi		acquisti-e-negozi lez-11
cum-1eb9510c5d	рассказ	racconto		scuola-e-lingua lez-10
cum-0e80775984	рассказывать	raccontare		verbi lez-6
cum-6015033429	ребёнок	bambino		persone-e-famiglia
cum-81ae70dad6	регулярно	regolarmente		orari-e-frequenza lez-8
cum-8f8919cf7a	редис	ravanello		cibo-e-bevande
cum-1a8a1f0d7f	редко	raramente		orari-e-frequenza lez-8
cum-4ad0bd96fe	река	fiume		natura-e-luoghi lez-2
cum-22a86fd31a	репа	rapa		cibo-e-bevande lez-3
cum-69b078f5b7	реферат	saggio		scuola-e-lingua lez-12
cum-38d572f305	рис	riso		cibo-e-bevande
cum-3e99bd723a	рисовать	disegnare		verbi
cum-c8834516e1	родина	patria		natura-e-luoghi
cum-0e61ea0d21	родители	genitori		persone-e-famiglia lez-3
cum-38c9a88d5e	рука	braccio		corpo lez-10
cum-fb562f453d	руки	braccia		corpo lez-10
cum-bd35d68f6a	ручка	penna		scuola-e-lingua lez-1
cum-a01c2e254d	рыба	pesce		cibo-e-bevande lez-3 lez-5
cum-f97b752e5d	рыбачить	pescare		verbi
cum-f4148a7894	рынок	mercato		luoghi-in-citta lez-14
cum-6d94877656	рюкзак	zaino		casa-e-oggetti lez-1
cum-020caccd24	сад	giardino		natura-e-luoghi lez-4 lez-14
cum-a711dfee80	садиться	sedersi		verbi
cum-175793d240	саксофон	saxofono		musica-e-strumenti lez-14
cum-0a3ca26317	салат	insalata		cibo-e-bevande
cum-2a3bf383df	самокат	monopattino		casa-e-oggetti lez-5
cum-95d76a4cbb	самолёт	aereo		viaggi-e-trasporti lez-4 lez-14
cum-b8b25bcaea	сандалии	sandali		abbigliamento
cum-de97dd11e5	светлый	chiaro		aggettivi lez-11
cum-07d0cf2db3	свинья	maiale		animali lez-12
cum-b6c8e8a6ef	свитер	maglione		abbigliamento lez-6
cum-3e7436f042	свёкла	barbabietola		cibo-e-bevande lez-3
cum-49aba8b8da	сдача	il resto		saluti-e-cortesia lez-5
cum-bae2a32787	север	nord		direzioni-e-geografia lez-14
cum-42f85ce119	сегодня	oggi		tempo-e-date lez-6 lez-8
cum-71f390d9d0	сейчас	adesso / ora		orari-e-frequenza lez-6 lez-8 lez-12
cum-fd90164a5b	секретарь	segretario		professioni lez-2
cum-51496baf88	семья	famiglia		persone-e-famiglia lez-3 lez-14
cum-d756a7c505	сентябрь	settembre		tempo-e-date lez-14
cum-d4ca47fa85	сердце	cuore		corpo lez-10
cum-3fcff1de00	сестра	sorella		persone-e-famiglia lez-2 lez-3
cum-a21bb393fe	сидеть	sedere / restare		verbi lez-13 lez-14
cum-b83f79dd56	скажи	dimmi		saluti-e-cortesia lez-3
cum-f3a115bd51	скидка	sconto		acquisti-e-negozi lez-11
cum-c9ef8a8606	сколько времени	che ore sono		pronomi-e-connettori lez-8 lez-10
cum-c47732496b	сколько времени?	quanto tempo?		domande-e-connettori
cum-3879e31fcc	сколько лет	quanti anni		tempo-e-date lez-10
cum-928a4bb8ed	сколько лет?	quanti anni?		domande-e-connettori
cum-8b5c216daf	сколько стоит?	quanto costa?		saluti-e-cortesia lez-5
cum-debd364006	сколько стоят?	quanto costano?		saluti-e-cortesia lez-5
cum-926ae6eca9	сколько тебе лет?	quanti anni hai?		domande-e-connettori
cum-bad7987d96	сколько?	quanto?		domande-e-connettori
cum-77b89694f5	скоро	presto		avverbi lez-6
cum-cebb5ca399	скрипка	violino		musica-e-strumenti lez-14
cum-2881c2768d	скучно	noioso		aggettivi lez-7 lez-13
cum-c19df00cad	скучный	noioso		aggettivi lez-11
cum-148689b1b3	сладости	dolci		cibo-e-bevande lez-14
cum-d9c3e7f16f	слева	a sinistra		avverbi lez-4
cum-8eceb30965	слива	prugna		cibo-e-bevande lez-3
cum-2902e186fb	слишком	troppo		avverbi lez-7
cum-3f72941e2f	словарь	vocabolario		scuola-e-lingua lez-3
cum-31f3cde46f	служащий	impiegato		persone-e-famiglia
cum-2d83170daa	слушать	ascoltare		verbi lez-6
cum-59505d443d	смотреть	guardare		verbi lez-6
cum-518b74daa3	смотреть телевизор	guardare la TV		verbi
cum-957cf83a97	смотри	guarda		saluti-e-cortesia lez-3
cum-7e83300db0	сначала	prima		orari-e-frequenza lez-7 lez-9
cum-a610e889c9	снег	neve		meteo-e-stagioni lez-14
cum-9fc6b90c0b	снеговик	pupazzo di neve		feste lez-14
cum-de445a3e04	снежно	nevoso		avverbi lez-14
cum-30e2e03cb0	снежный	nevoso		meteo-e-stagioni
cum-7aa8a82230	снова	di nuovo		avverbi
cum-c1ca9945c2	собака	cane		animali lez-2 lez-12
cum-a40c201a1a	собирать	raccogliere		verbi lez-13 lez-14
cum-69e824fad8	сок	succo		cibo-e-bevande lez-7
cum-56aace5e64	солнечно	soleggiato		avverbi lez-14
cum-c5f7a986e3	солнечный	soleggiato		meteo-e-stagioni
cum-9931a73fa0	солнце	sole		natura-e-luoghi lez-14
cum-45d8143384	соль	sale		cibo-e-bevande lez-1 lez-2
cum-13c5640974	сосед	vicino		persone-e-famiglia lez-3
cum-e7f3f00b31	состояние	stato		stato-e-condizioni lez-11
cum-00f66d0ba9	спасибо	grazie		saluti-e-cortesia lez-1
cum-b9afa36162	спать	dormire		verbi
cum-8276dabc26	спешить	Avere fretta		espressioni-utili
cum-6b6dfc0e1c	спешка	fretta		orari-e-frequenza lez-8
cum-33a891bd71	спокойно	tranquillamente		avverbi
cum-b14427e551	спокойной ночи	buonanotte		saluti-e-cortesia lez-2
cum-8f38b9bf06	спокойный	tranquillo		aggettivi lez-13
cum-f6c7e794a6	спортзал	palestra		luoghi-in-citta lez-6
cum-da06756d9e	справа	a destra		avverbi lez-4
cum-f18cf5c756	спрашивать	chiedere		verbi lez-6
cum-d5492d277c	среда	mercoledì		tempo-e-date lez-10
cum-120df2e4d5	стадион	stadio		luoghi-in-citta lez-4
cum-66f13be2e2	стакан	bicchiere		stoviglie-e-posate lez-1
cum-947eb5d7cc	станция	stazione		luoghi-in-citta lez-14
cum-fb2b3637c0	старый	vecchio		aggettivi lez-11
cum-f72e366ea9	статьи	articoli		scuola-e-lingua lez-12
cum-b777392d4a	статья	articolo		scuola-e-lingua lez-12
cum-13882e29e1	стахановец	stakanovista		professioni lez-7
cum-8be003fce8	стена	parete		casa-e-oggetti lez-13
cum-09721b0a0a	стол	tavolo		casa-e-oggetti lez-1
cum-7379cef02e	столовая	mensa		luoghi-in-citta lez-3
cum-4097b20614	стоять	stare in piedi		verbi lez-13
cum-132877adc0	страна	paese		paesi-e-lingue lez-4
cum-62347010ea	страница	pagina		scuola-e-lingua
cum-da921921cd	строить	costruire		verbi lez-12
cum-38107313dd	студент	studente		scuola-e-lingua lez-1
cum-b7723ce9a1	стул	sedia		casa-e-oggetti lez-1
cum-8e1ecfe5f4	суббота	sabato		tempo-e-date lez-10
cum-0da4acc008	сумка	borsa		casa-e-oggetti lez-1
cum-7c02303bc6	супермаркет	supermercato		luoghi-in-citta lez-4
cum-783edd94d1	считать	contare		verbi lez-8
cum-67565436b1	сын	figlio		persone-e-famiglia lez-3
cum-4372c82e78	сыр	formaggio		cibo-e-bevande lez-1 lez-3 lez-11
cum-1d9fc0e550	та	quella		pronomi-e-connettori lez-5
cum-8a2c970a7a	так далеко	così lontano		avverbi lez-13
cum-3a63bfcbe8	так жаль	che peccato		saluti-e-cortesia lez-4
cum-379c638247	так себе	così così		avverbi lez-2
cum-fd8f30079c	там	lì		avverbi lez-4
cum-d1eefcf0c5	танцевать	ballare		sport-e-giochi lez-9
cum-158acaf7d2	тарелка	piatto		stoviglie-e-posate lez-3 lez-4
cum-53736eeeec	те	quelli		pronomi-e-connettori lez-5
cum-20b00082c3	тебе нравится	ti piace		gusti-e-preferenze lez-9
cum-a3a4359e1e	тебя	te		pronomi-e-connettori lez-2
cum-307b186d6e	тело	corpo		corpo lez-10
cum-d4eff93384	темно	buio		meteo-e-stagioni
cum-7f98f2fb55	теннис	tennis		sport-e-giochi lez-14
cum-eb3c79e640	тепло	tiepido		avverbi lez-14
cum-694509423e	тепло / жарко	caldo		meteo-e-stagioni
cum-02497c86c3	тетрадь	quaderno		scuola-e-lingua lez-1
cum-b963f67b38	тихий	silenzioso		aggettivi lez-11
cum-11a90f587a	тихо	a bassa voce		avverbi lez-7
cum-b4cb0f5624	то	quello		pronomi-e-connettori lez-5
cum-135c15a7f9	тоже	anche		pronomi-e-connettori lez-1
cum-2fa3c42570	только	solo		pronomi-e-connettori lez-2 lez-8
cum-5bad73f672	томат	pomodoro		cibo-e-bevande lez-1
cum-4e9079d654	тот	quello		pronomi-e-connettori lez-5
cum-09ccbaca32	точка	punto		scuola-e-lingua lez-14
cum-d74b6fa04e	точно	esattamente		avverbi lez-7
cum-ce775fe5d1	тренироваться	allenarsi		sport-e-giochi lez-14
cum-b69e066eb1	трудный	difficile		aggettivi lez-11
cum-772ee21afa	трусы	mutande		abbigliamento lez-3
cum-0e076bde20	туалет	bagno		luoghi-in-citta lez-1
cum-91720cdd7b	тут	qui		avverbi lez-4
cum-38eb2ed094	туфли	scarpe		abbigliamento lez-6
cum-43b9fcd29a	туча	nuvolone		natura-e-luoghi lez-14
cum-ac60e92a11	ты	tu		pronomi-e-connettori lez-2
cum-260929b8e8	тыква	zucca		cibo-e-bevande lez-3
cum-78f69d39b2	тяжёлый	pesante		aggettivi lez-11
cum-c1933210b2	тёмный	scuro		aggettivi lez-11
cum-12e30dc37b	тёплый	caldo		aggettivi lez-11
cum-a98a7f4600	тётя	zia		persone-e-famiglia lez-3
cum-d110fa4467	у вас есть	voi avete		pronomi-e-connettori lez-5
cum-9ac7e754ba	у меня есть	io ho		pronomi-e-connettori lez-5
cum-8eb0846af1	у нас есть	noi abbiamo		pronomi-e-connettori lez-5
cum-8c9ed6cad7	у него есть	lui ha		pronomi-e-connettori lez-5
cum-e2157dd83b	у неё есть	lei ha		pronomi-e-connettori lez-5
cum-12d5223834	у них есть	loro hanno		pronomi-e-connettori lez-5
cum-967f9c5dad	у тебя есть	tu hai		pronomi-e-connettori lez-5
cum-d697f7c80b	убирать	togliere		verbi lez-13
cum-158bb79a3a	уверен	sicuro		aggettivi lez-12
cum-c14f9705bc	угол	angolo		luoghi-in-citta lez-14
cum-071018a55b	ужасно	terribile / terribilmente		avverbi lez-2 lez-7
cum-84e673a993	уже	già		avverbi lez-4 lez-7
cum-f39eaef38c	уже / теперь уже	ormai		avverbi
cum-f44647e2ce	ужин	cena		cibo-e-bevande lez-6 lez-10
cum-1729ef7d5c	ужинать	cenare		verbi lez-6
cum-ee37f33d71	улица	strada		luoghi-in-citta lez-1 lez-11
cum-92ca46e010	уметь	saper fare / essere capace di		verbi
cum-f34bbccbbc	университет	università		luoghi-in-citta lez-4
cum-6310e5d100	упражнение	esercizio		scuola-e-lingua lez-3
cum-e5c9c1f7fc	ураган	uragano		meteo-e-stagioni lez-14
cum-b958563d08	урок	lezione		scuola-e-lingua lez-1
cum-b9a5232d9d	утка	papera		animali lez-12
cum-b4193141a6	утро	mattina		tempo-e-date lez-8
cum-223ee4db9a	ухо	orecchio		corpo lez-10
cum-f279d3754e	учебник	manuale		scuola-e-lingua lez-12
cum-d6b5495b6a	ученик	alunno		scuola-e-lingua lez-1
cum-14c4b14acf	учить	imparare / studiare		verbi lez-6 lez-12
cum-fd99a2ac89	учить / изучать	imparare		verbi
cum-415c07c6c6	уши	orecchie		corpo lez-10
cum-88e3a65e85	фабрика	fabbrica		natura-e-luoghi
cum-b4324517c2	фамилия	cognome		persone-e-famiglia lez-3
cum-0c9d5a3c7e	фасоль	fagioli		cibo-e-bevande lez-3
cum-b424422684	февраль	febbraio		tempo-e-date lez-14
cum-45551cf292	фигурка	statuetta		casa-e-oggetti lez-13
cum-e418afe619	флейта	flauto		musica-e-strumenti lez-14
cum-3dbc5b65ff	футбол	calcio		sport-e-giochi lez-14
cum-6ac481398b	футболка	maglietta		abbigliamento
cum-adc547a41b	хлеб	pane		cibo-e-bevande lez-1 lez-3
cum-b25c1d06fc	ходить / гулять	camminare		verbi
cum-b8659d4ac0	хозяин дома	padrone di casa		persone-e-famiglia
cum-64cc323f81	хозяйка	padrona di casa		professioni lez-11
cum-8595242844	хоккей	hockey		sport-e-giochi lez-14
cum-14eb675cf1	холодно	freddo		avverbi lez-14
cum-402d7de09a	холодный	freddo		aggettivi lez-11
cum-d5f5ec340f	хороший	buono		aggettivi lez-11
cum-6a47305309	хорошо	bene		avverbi lez-1 lez-7
cum-da20a06f23	хотеть	volere		verbi lez-6 lez-10
cum-b7114d8728	хурма	kaki		cibo-e-bevande lez-9
cum-4decf7b92e	цветок	fiore		casa-e-oggetti lez-11
cum-f40eeb9af6	цветы	fiori		casa-e-oggetti lez-5
cum-37a568651f	церковь	chiesa		luoghi-in-citta lez-4
cum-c90efe38a1	чай	tè		cibo-e-bevande lez-1 lez-4 lez-7
cum-1e0e6a4d86	час	ora		tempo-e-date lez-8
cum-b30406196e	час / время	ora		tempo-e-date
cum-6daaf2ba6d	час назад	un'ora fa		tempo-e-date lez-12
cum-592cd61e8e	часто	spesso		orari-e-frequenza lez-8
cum-9702049a80	часы	orologio		casa-e-oggetti lez-1 lez-3
cum-6540e436f5	чашка	tazza		stoviglie-e-posate lez-4
cum-414a4a3e41	человек	persona		persone-e-famiglia lez-1
cum-441887a423	чемодан	valigia		viaggi-e-trasporti lez-4 lez-11
cum-7e2cf20a2a	через год	tra un anno		tempo-e-date lez-12
cum-58401c62f0	через месяц	tra un mese		tempo-e-date lez-12
cum-8dedecc395	через час	tra un'ora		tempo-e-date lez-12
cum-75f2809da0	черешня	ciliegia dolce		cibo-e-bevande lez-3
cum-bf0ae3737b	черника	mirtillo		cibo-e-bevande lez-3
cum-d34dca68d1	черника / голубика	mirtillo		cibo-e-bevande
cum-1c7da7fbdb	чеснок	aglio		cibo-e-bevande lez-2 lez-3
cum-81f3c7912d	четверг	giovedì		tempo-e-date lez-10
cum-1af33c85e4	чечевица	lenticchia		cibo-e-bevande lez-3
cum-5e766d0008	числа	numeri		scuola-e-lingua lez-4
cum-3eecdb324a	чистить / убирать	pulire		verbi
cum-506c53c6e3	читать	leggere		verbi lez-6 lez-8
cum-2e8900251d	что	cosa		pronomi-e-connettori lez-8
cum-ec2ae49677	что значит?	cosa significa?		saluti-e-cortesia lez-7
cum-e0fc00169f	что это?	cos’è questo?		pronomi-e-connettori lez-1
cum-7a64b75169	чуть-чуть	un po'		avverbi lez-8
cum-175bdcc2e7	шапка	cappello		abbigliamento lez-3 lez-6 lez-11
cum-09fe7e51ca	шарф	sciarpa		abbigliamento lez-6 lez-11
cum-d30ebc54c9	шахматы	scacchi		sport-e-giochi lez-14
cum-0ffec200fe	шкаф	armadio		casa-e-oggetti lez-1 lez-14
cum-a41fdb4e19	школа	scuola		scuola-e-lingua lez-1 lez-4
cum-517c862b1b	школьники	scolari		scuola-e-lingua lez-2
cum-889763c8de	шляпа	cappello		abbigliamento
cum-1c4506703a	шоколад	cioccolato		cibo-e-bevande
cum-fcc6196bb7	шорты	pantaloncini		abbigliamento
cum-01a9556479	шпинат	spinaci		cibo-e-bevande lez-3
cum-6428229896	шуба	cappotto		abbigliamento lez-6
cum-293905b1d7	шутка	barzelletta		scuola-e-lingua
cum-bc7f403675	щенок	cucciolo		animali
cum-8bb78eef0b	эти	questi		pronomi-e-connettori lez-5
cum-8f30281037	это	questo / è		pronomi-e-connettori lez-5
cum-830dc3e10f	юбка	gonna		abbigliamento lez-6 lez-11
cum-f558601cd7	юг	sud		direzioni-e-geografia lez-14
cum-4f566fb5e3	я	io		pronomi-e-connettori lez-2
cum-ce220c196a	я из Италии	sono dell'Italia		saluti-e-cortesia lez-2
cum-41630c7ca8	я лингвист	sono una linguista		saluti-e-cortesia lez-2
cum-0c41fac70e	я хочу есть	ho fame		espressioni-utili lez-10
cum-c24ce0f5ad	я хочу пить	ho sete		espressioni-utili lez-10
cum-13ab965923	я хочу спать	ho sonno		espressioni-utili lez-10
cum-88b184adea	яблоко	mela		cibo-e-bevande lez-1 lez-3
cum-279f4fc66d	ягоды	bacche		cibo-e-bevande lez-14
cum-22307874c5	язык	lingua		scuola-e-lingua lez-7
cum-a1c8ba6145	яйца	uova		cibo-e-bevande lez-3 lez-11
cum-cb8159e1a9	яйцо	uovo		cibo-e-bevande lez-11
cum-dc5c58126e	январь	gennaio		tempo-e-date lez-2 lez-14
cum-787d852a5d	ясно	limpido		avverbi lez-14
